modality,feature,predictor,coefficient,p_value,CI_lower,CI_upper
bilateral_cortical_thickness,img_smri_thick_cdk_bankssts,aoDEP_SBayesR,-0.009994483461234238,0.5350600232438,-0.04157406526642749,0.021585098343959018
bilateral_cortical_thickness,img_smri_thick_cdk_bankssts,hemisphere[T.Right]:aoDEP_SBayesR,-0.014269339419472716,0.43817370155409996,-0.050343221625256035,0.021804542786310607
bilateral_cortical_thickness,img_smri_thick_cdk_cdacate,aoDEP_SBayesR,0.0023266867675012367,0.8855426799317732,-0.029353283271810797,0.03400665680681327
bilateral_cortical_thickness,img_smri_thick_cdk_cdacate,hemisphere[T.Right]:aoDEP_SBayesR,-0.011909950637597816,0.49671304180902087,-0.04625463695413647,0.02243473567894084
bilateral_cortical_thickness,img_smri_thick_cdk_cdmdfr,aoDEP_SBayesR,-0.015182259716907244,0.3444089948423671,-0.04665450784810143,0.016289988414286936
bilateral_cortical_thickness,img_smri_thick_cdk_cdmdfr,hemisphere[T.Right]:aoDEP_SBayesR,-0.001993590999882104,0.8878592528494121,-0.029702751446511723,0.025715569446747515
bilateral_cortical_thickness,img_smri_thick_cdk_cuneus,aoDEP_SBayesR,0.014305927246098398,0.3735882604296429,-0.0172067506383155,0.045818605130512294
bilateral_cortical_thickness,img_smri_thick_cdk_cuneus,hemisphere[T.Right]:aoDEP_SBayesR,-0.008516981556195655,0.5251580272672067,-0.03478798045097904,0.017754017338587728
bilateral_cortical_thickness,img_smri_thick_cdk_ehinal,aoDEP_SBayesR,-0.010890783685046342,0.4956139164900504,-0.04221646702520805,0.02043489965511537
bilateral_cortical_thickness,img_smri_thick_cdk_ehinal,hemisphere[T.Right]:aoDEP_SBayesR,0.013975517745929164,0.3805139625098646,-0.017259468274772483,0.045210503766630813
bilateral_cortical_thickness,img_smri_thick_cdk_frpole,aoDEP_SBayesR,-0.00244723966320989,0.879234874782703,-0.03401579464668936,0.02912131532026958
bilateral_cortical_thickness,img_smri_thick_cdk_frpole,hemisphere[T.Right]:aoDEP_SBayesR,-0.02340361735400888,0.17863384385084213,-0.057508566295053506,0.010701331587035748
bilateral_cortical_thickness,img_smri_thick_cdk_fusiform,aoDEP_SBayesR,-0.037245531142582236,0.022187444801005315,-0.06916302891501701,-0.005328033370147464
bilateral_cortical_thickness,img_smri_thick_cdk_fusiform,hemisphere[T.Right]:aoDEP_SBayesR,0.021424857620704993,0.12697294718738053,-0.006090129351901286,0.04893984459331127
bilateral_cortical_thickness,img_smri_thick_cdk_ifpl,aoDEP_SBayesR,-0.013835238953495277,0.37541305990529084,-0.04442774469080116,0.0167572667838106
bilateral_cortical_thickness,img_smri_thick_cdk_ifpl,hemisphere[T.Right]:aoDEP_SBayesR,-0.0013765061485810574,0.9124545425371244,-0.025915597420337496,0.023162585123175383
bilateral_cortical_thickness,img_smri_thick_cdk_iftm,aoDEP_SBayesR,-0.030297642480213334,0.06279408334172966,-0.06221250714758817,0.001617222187161503
bilateral_cortical_thickness,img_smri_thick_cdk_iftm,hemisphere[T.Right]:aoDEP_SBayesR,0.0017493093345523252,0.9000576575438545,-0.025550825495622136,0.029049444164726785
bilateral_cortical_thickness,img_smri_thick_cdk_ihcate,aoDEP_SBayesR,-0.012771670113406861,0.433324185793623,-0.04471998355567586,0.01917664332886214
bilateral_cortical_thickness,img_smri_thick_cdk_ihcate,hemisphere[T.Right]:aoDEP_SBayesR,-0.034721389730433275,0.028910708323931177,-0.06587102726926947,-0.0035717521915970794
bilateral_cortical_thickness,img_smri_thick_cdk_insula,aoDEP_SBayesR,-0.0029396036759866653,0.8512838405629145,-0.033670877374033965,0.027791670022060632
bilateral_cortical_thickness,img_smri_thick_cdk_insula,hemisphere[T.Right]:aoDEP_SBayesR,-0.024225981590832946,0.1009785411028945,-0.053176191193464464,0.0047242280117985765
bilateral_cortical_thickness,img_smri_thick_cdk_lingual,aoDEP_SBayesR,-0.01642208632844207,0.3054689864931862,-0.047830612645597445,0.0149864399887133
bilateral_cortical_thickness,img_smri_thick_cdk_lingual,hemisphere[T.Right]:aoDEP_SBayesR,-0.006660916854687251,0.5887489553635994,-0.03080807473783495,0.01748624102846045
bilateral_cortical_thickness,img_smri_thick_cdk_lobfr,aoDEP_SBayesR,-0.013969045597234992,0.38598456487583255,-0.045550682338354284,0.017612591143884304
bilateral_cortical_thickness,img_smri_thick_cdk_lobfr,hemisphere[T.Right]:aoDEP_SBayesR,0.02324636949437807,0.1113244647120768,-0.005368186913423986,0.051860925902180124
bilateral_cortical_thickness,img_smri_thick_cdk_locc,aoDEP_SBayesR,-0.018323036655484976,0.21259125479179297,-0.04713435305694738,0.010488279745977432
bilateral_cortical_thickness,img_smri_thick_cdk_locc,hemisphere[T.Right]:aoDEP_SBayesR,0.0127293748007425,0.2387679477293838,-0.008448548536779487,0.033907298138264486
bilateral_cortical_thickness,img_smri_thick_cdk_mdtm,aoDEP_SBayesR,-0.010542331089101421,0.5060020531923174,-0.04161035557385677,0.020525693395653924
bilateral_cortical_thickness,img_smri_thick_cdk_mdtm,hemisphere[T.Right]:aoDEP_SBayesR,-0.0009372899435383921,0.9441539692426653,-0.02716224397103062,0.02528766408395384
bilateral_cortical_thickness,img_smri_thick_cdk_mobfr,aoDEP_SBayesR,0.00617388256921891,0.6957730552752779,-0.024771322428534984,0.037119087566972804
bilateral_cortical_thickness,img_smri_thick_cdk_mobfr,hemisphere[T.Right]:aoDEP_SBayesR,0.0022854047396988863,0.8854291034988521,-0.028801410871773715,0.03337222035117149
bilateral_cortical_thickness,img_smri_thick_cdk_paracn,aoDEP_SBayesR,-0.04063983037717913,0.011933933641831951,-0.07232228571119817,-0.008957375043160083
bilateral_cortical_thickness,img_smri_thick_cdk_paracn,hemisphere[T.Right]:aoDEP_SBayesR,0.02612111702921271,0.05936233795841814,-0.0010315975191037136,0.053273831577529136
bilateral_cortical_thickness,img_smri_thick_cdk_parahpal,aoDEP_SBayesR,-0.014114177888617954,0.3825029383144073,-0.04579112226519737,0.017562766487961456
bilateral_cortical_thickness,img_smri_thick_cdk_parahpal,hemisphere[T.Right]:aoDEP_SBayesR,0.013659521114604539,0.32574574790543054,-0.01358343331558028,0.04090247554478936
bilateral_cortical_thickness,img_smri_thick_cdk_parsobis,aoDEP_SBayesR,-0.013733614911950107,0.3949872839691786,-0.04537850724454072,0.0179112774206405
bilateral_cortical_thickness,img_smri_thick_cdk_parsobis,hemisphere[T.Right]:aoDEP_SBayesR,0.00033139351252044837,0.9839360765007004,-0.031927627589557556,0.032590414614598454
bilateral_cortical_thickness,img_smri_thick_cdk_parsopc,aoDEP_SBayesR,-0.018083660715529585,0.2623268935633918,-0.04970384179177453,0.01353652036071536
bilateral_cortical_thickness,img_smri_thick_cdk_parsopc,hemisphere[T.Right]:aoDEP_SBayesR,-0.03578421074574603,0.027124080913506873,-0.06752376446642883,-0.004044657025063243
bilateral_cortical_thickness,img_smri_thick_cdk_parstgris,aoDEP_SBayesR,-0.012710504468510497,0.4340726993953459,-0.0445576170858748,0.019136608148853804
bilateral_cortical_thickness,img_smri_thick_cdk_parstgris,hemisphere[T.Right]:aoDEP_SBayesR,0.015017152533081314,0.3389982013948398,-0.0157658673170227,0.04580017238318533
bilateral_cortical_thickness,img_smri_thick_cdk_pc,aoDEP_SBayesR,-0.025491841330166104,0.11319950484879965,-0.05703470298137943,0.006051020321047221
bilateral_cortical_thickness,img_smri_thick_cdk_pc,hemisphere[T.Right]:aoDEP_SBayesR,0.011924706389782599,0.315938945009519,-0.011381142512174262,0.03523055529173946
bilateral_cortical_thickness,img_smri_thick_cdk_pericc,aoDEP_SBayesR,-0.010720129240902054,0.49677200915123354,-0.041637966684959414,0.020197708203155307
bilateral_cortical_thickness,img_smri_thick_cdk_pericc,hemisphere[T.Right]:aoDEP_SBayesR,0.002459870247678328,0.8476898229459771,-0.022642100777502845,0.027561841272859502
bilateral_cortical_thickness,img_smri_thick_cdk_postcn,aoDEP_SBayesR,-0.005834228335450805,0.7117103168470045,-0.03677609336428299,0.025107636693381376
bilateral_cortical_thickness,img_smri_thick_cdk_postcn,hemisphere[T.Right]:aoDEP_SBayesR,-0.018843846143381356,0.11114175642013764,-0.042027370656268506,0.00433967836950579
bilateral_cortical_thickness,img_smri_thick_cdk_precn,aoDEP_SBayesR,-0.0449229554856743,0.00524834318376489,-0.07646552594823122,-0.01338038502311737
bilateral_cortical_thickness,img_smri_thick_cdk_precn,hemisphere[T.Right]:aoDEP_SBayesR,0.014494346624969004,0.26003373636766147,-0.010728160667491422,0.03971685391742943
bilateral_cortical_thickness,img_smri_thick_cdk_ptcate,aoDEP_SBayesR,0.015178615828835455,0.34869136768261366,-0.016566734737572673,0.046923966395243585
bilateral_cortical_thickness,img_smri_thick_cdk_ptcate,hemisphere[T.Right]:aoDEP_SBayesR,-0.010454981368722898,0.5469819326887911,-0.04447750985806885,0.023567547120623058
bilateral_cortical_thickness,img_smri_thick_cdk_rracate,aoDEP_SBayesR,0.005348605241704589,0.7333275764223413,-0.02542039251480874,0.03611760299821792
bilateral_cortical_thickness,img_smri_thick_cdk_rracate,hemisphere[T.Right]:aoDEP_SBayesR,0.012972378289844657,0.4618861447598981,-0.02158498633142071,0.04752974291111002
bilateral_cortical_thickness,img_smri_thick_cdk_rrmdfr,aoDEP_SBayesR,-0.01669227993258818,0.2955824402922099,-0.047971168835011305,0.014586608969834939
bilateral_cortical_thickness,img_smri_thick_cdk_rrmdfr,hemisphere[T.Right]:aoDEP_SBayesR,0.015854142530466277,0.22379788218671626,-0.009689445264094834,0.04139773032502739
bilateral_cortical_thickness,img_smri_thick_cdk_sm,aoDEP_SBayesR,-0.012007349415042935,0.43308595443865494,-0.04202816298634018,0.018013464156254308
bilateral_cortical_thickness,img_smri_thick_cdk_sm,hemisphere[T.Right]:aoDEP_SBayesR,-0.0015822835448527,0.907549195921546,-0.028286908307521494,0.02512234121781609
bilateral_cortical_thickness,img_smri_thick_cdk_sufr,aoDEP_SBayesR,-0.02003882363166732,0.21021259547946514,-0.051384367079772404,0.011306719816437764
bilateral_cortical_thickness,img_smri_thick_cdk_sufr,hemisphere[T.Right]:aoDEP_SBayesR,0.007548214083866704,0.4595996178375926,-0.012457332623334951,0.027553760791068357
bilateral_cortical_thickness,img_smri_thick_cdk_supl,aoDEP_SBayesR,-0.00950329523762631,0.5483386894164741,-0.040533819742223434,0.021527229266970812
bilateral_cortical_thickness,img_smri_thick_cdk_supl,hemisphere[T.Right]:aoDEP_SBayesR,-0.0025356990115038536,0.804242221846981,-0.02258679873685657,0.017515400713848866
bilateral_cortical_thickness,img_smri_thick_cdk_sutm,aoDEP_SBayesR,-0.010451211806875515,0.5165601371782949,-0.04203030578658108,0.021127882172830056
bilateral_cortical_thickness,img_smri_thick_cdk_sutm,hemisphere[T.Right]:aoDEP_SBayesR,0.005283124747789272,0.6691828401308904,-0.018951526702799835,0.02951777619837838
bilateral_cortical_thickness,img_smri_thick_cdk_tmpole,aoDEP_SBayesR,-0.007148330808543656,0.6573515629910063,-0.038733844598490566,0.024437182981403252
bilateral_cortical_thickness,img_smri_thick_cdk_tmpole,hemisphere[T.Right]:aoDEP_SBayesR,-1.594481771483544e-07,0.9999923333714665,-0.032524109841211235,0.03252379094485694
bilateral_cortical_thickness,img_smri_thick_cdk_trvtm,aoDEP_SBayesR,-0.02371292243298212,0.1420492390958403,-0.05536828028290493,0.007942435416940688
bilateral_cortical_thickness,img_smri_thick_cdk_trvtm,hemisphere[T.Right]:aoDEP_SBayesR,0.0051992038199229085,0.7498498349046564,-0.0267614539576631,0.03715986159750891
bilateral_cortical_volume,img_smri_vol_cdk_bankssts,aoDEP_SBayesR,-0.010544982285172082,0.5037360121062763,-0.04145595337995757,0.02036598880961341
bilateral_cortical_volume,img_smri_vol_cdk_bankssts,hemisphere[T.Right]:aoDEP_SBayesR,-0.012837234880370026,0.4483077716763566,-0.04602005709553647,0.02034558733479642
bilateral_cortical_volume,img_smri_vol_cdk_cdacate,aoDEP_SBayesR,0.0021807859843392926,0.8920942227851884,-0.029327598720175967,0.033689170688854554
bilateral_cortical_volume,img_smri_vol_cdk_cdacate,hemisphere[T.Right]:aoDEP_SBayesR,-0.027253049659313536,0.18456279966930855,-0.06751045814901872,0.013004358830391652
bilateral_cortical_volume,img_smri_vol_cdk_cdmdfr,aoDEP_SBayesR,-0.02288334353504265,0.14941726912117737,-0.05399513036414255,0.008228443294057256
bilateral_cortical_volume,img_smri_vol_cdk_cdmdfr,hemisphere[T.Right]:aoDEP_SBayesR,0.0006225237236041546,0.9664263096760377,-0.02836537655246402,0.02961042399967233
bilateral_cortical_volume,img_smri_vol_cdk_cuneus,aoDEP_SBayesR,-0.002233510965860765,0.8883127165981043,-0.033404226544973006,0.028937204613251475
bilateral_cortical_volume,img_smri_vol_cdk_cuneus,hemisphere[T.Right]:aoDEP_SBayesR,0.014305721047935246,0.2387609742006913,-0.009494423856652438,0.03810586595252293
bilateral_cortical_volume,img_smri_vol_cdk_ehinal,aoDEP_SBayesR,-0.01015271240160963,0.5232413224280723,-0.04132484804707683,0.021019423243857575
bilateral_cortical_volume,img_smri_vol_cdk_ehinal,hemisphere[T.Right]:aoDEP_SBayesR,-0.014214123217290804,0.35152377608281493,-0.04411755950295813,0.015689313068376523
bilateral_cortical_volume,img_smri_vol_cdk_frpole,aoDEP_SBayesR,-0.017215045751674353,0.2695636765177779,-0.0477755475983877,0.013345456095038996
bilateral_cortical_volume,img_smri_vol_cdk_frpole,hemisphere[T.Right]:aoDEP_SBayesR,-0.010646052342090408,0.5199117027845106,-0.043072592265592416,0.0217804875814116
bilateral_cortical_volume,img_smri_vol_cdk_fusiform,aoDEP_SBayesR,-0.02668473535267544,0.08098456186143367,-0.05665669371941043,0.0032872230140595475
bilateral_cortical_volume,img_smri_vol_cdk_fusiform,hemisphere[T.Right]:aoDEP_SBayesR,0.004311854841421983,0.7301867146180114,-0.020192754142748223,0.028816463825592185
bilateral_cortical_volume,img_smri_vol_cdk_ifpl,aoDEP_SBayesR,-0.027555455165884774,0.07732009508009305,-0.05812957115900058,0.0030186608272310365
bilateral_cortical_volume,img_smri_vol_cdk_ifpl,hemisphere[T.Right]:aoDEP_SBayesR,0.014144140175420983,0.3118631465471323,-0.013267556155317498,0.04155583650615946
bilateral_cortical_volume,img_smri_vol_cdk_iftm,aoDEP_SBayesR,-0.037421098587536214,0.014092252031412785,-0.06729763496601336,-0.007544562209059063
bilateral_cortical_volume,img_smri_vol_cdk_iftm,hemisphere[T.Right]:aoDEP_SBayesR,0.02291835470213343,0.07674353875075139,-0.0024611073461044755,0.048297816750371335
bilateral_cortical_volume,img_smri_vol_cdk_ihcate,aoDEP_SBayesR,0.015028813727873298,0.33199953726500175,-0.015335179257158126,0.04539280671290472
bilateral_cortical_volume,img_smri_vol_cdk_ihcate,hemisphere[T.Right]:aoDEP_SBayesR,-0.012971762354148908,0.3777306192727167,-0.04179457999093127,0.01585105528263346
bilateral_cortical_volume,img_smri_vol_cdk_insula,aoDEP_SBayesR,-0.009809592916728636,0.5140420903710421,-0.03927285336907506,0.019653667535617786
bilateral_cortical_volume,img_smri_vol_cdk_insula,hemisphere[T.Right]:aoDEP_SBayesR,0.011979435890861543,0.17424539427864605,-0.005301395641195807,0.029260267422918894
bilateral_cortical_volume,img_smri_vol_cdk_lingual,aoDEP_SBayesR,-0.02430990613753859,0.1287076525236408,-0.055672451249379744,0.007052638974302562
bilateral_cortical_volume,img_smri_vol_cdk_lingual,hemisphere[T.Right]:aoDEP_SBayesR,0.004886848672690447,0.6569976491349137,-0.016682310847656062,0.026456008193036958
bilateral_cortical_volume,img_smri_vol_cdk_lobfr,aoDEP_SBayesR,0.0008833254093892278,0.9545823088369545,-0.02951495995636242,0.031281610775140876
bilateral_cortical_volume,img_smri_vol_cdk_lobfr,hemisphere[T.Right]:aoDEP_SBayesR,-0.01244538216921945,0.2004982667468198,-0.03150003940389812,0.006609275065459217
bilateral_cortical_volume,img_smri_vol_cdk_locc,aoDEP_SBayesR,-0.027755367534538306,0.0684145091650989,-0.057608032337656004,0.0020972972685793963
bilateral_cortical_volume,img_smri_vol_cdk_locc,hemisphere[T.Right]:aoDEP_SBayesR,0.01531295081813598,0.196967879153513,-0.007948510696337842,0.0385744123326098
bilateral_cortical_volume,img_smri_vol_cdk_mdtm,aoDEP_SBayesR,-0.022557073689534905,0.14106459385208053,-0.05259505890271424,0.007480911523644423
bilateral_cortical_volume,img_smri_vol_cdk_mdtm,hemisphere[T.Right]:aoDEP_SBayesR,0.010557093008985627,0.3448564226997347,-0.011347665122387855,0.032461851140359106
bilateral_cortical_volume,img_smri_vol_cdk_mobfr,aoDEP_SBayesR,-0.02113373625672989,0.1598811706117207,-0.050605246069682454,0.008337773556222672
bilateral_cortical_volume,img_smri_vol_cdk_mobfr,hemisphere[T.Right]:aoDEP_SBayesR,0.0024362705493237895,0.8547036856678879,-0.023639508324198324,0.028512049422845902
bilateral_cortical_volume,img_smri_vol_cdk_paracn,aoDEP_SBayesR,-0.036176934709752834,0.023639192061141713,-0.06751023980129205,-0.004843629618213621
bilateral_cortical_volume,img_smri_vol_cdk_paracn,hemisphere[T.Right]:aoDEP_SBayesR,0.004101754789606364,0.792578476216622,-0.026470101405827492,0.034673610985040224
bilateral_cortical_volume,img_smri_vol_cdk_parahpal,aoDEP_SBayesR,-0.008224958421415327,0.613167619483951,-0.040111807552364806,0.023661890709534155
bilateral_cortical_volume,img_smri_vol_cdk_parahpal,hemisphere[T.Right]:aoDEP_SBayesR,0.008046721396180855,0.5924687857956159,-0.021417891866948355,0.037511334659310065
bilateral_cortical_volume,img_smri_vol_cdk_parsobis,aoDEP_SBayesR,-0.01715874873835092,0.27468651457107995,-0.04794653260491985,0.013629035128218007
bilateral_cortical_volume,img_smri_vol_cdk_parsobis,hemisphere[T.Right]:aoDEP_SBayesR,-0.00233947914500982,0.871612049922935,-0.03071186505997981,0.026032906769960173
bilateral_cortical_volume,img_smri_vol_cdk_parsopc,aoDEP_SBayesR,0.01537748269920754,0.33684709485822084,-0.01600411392574608,0.046759079324161165
bilateral_cortical_volume,img_smri_vol_cdk_parsopc,hemisphere[T.Right]:aoDEP_SBayesR,-0.021422151700854455,0.18796965263263066,-0.05331213525290858,0.010467831851199667
bilateral_cortical_volume,img_smri_vol_cdk_parstgris,aoDEP_SBayesR,0.011809774956213156,0.4545868666261641,-0.019143748374896425,0.04276329828732274
bilateral_cortical_volume,img_smri_vol_cdk_parstgris,hemisphere[T.Right]:aoDEP_SBayesR,-0.013681813453653395,0.37916066775251467,-0.04417365412312705,0.016810027215820263
bilateral_cortical_volume,img_smri_vol_cdk_pc,aoDEP_SBayesR,-0.0023236962993589145,0.8806560543570485,-0.03265827609372161,0.02801088349500378
bilateral_cortical_volume,img_smri_vol_cdk_pc,hemisphere[T.Right]:aoDEP_SBayesR,0.004669385083521955,0.6431432632978067,-0.015083817914417205,0.024422588081461114
bilateral_cortical_volume,img_smri_vol_cdk_pericc,aoDEP_SBayesR,-0.006851870193461299,0.671890628985102,-0.038558330168829355,0.024854589781906758
bilateral_cortical_volume,img_smri_vol_cdk_pericc,hemisphere[T.Right]:aoDEP_SBayesR,0.015541030670716733,0.08766410281464482,-0.002294173299194898,0.03337623464062836
bilateral_cortical_volume,img_smri_vol_cdk_postcn,aoDEP_SBayesR,-0.022982624232823427,0.14493818453048254,-0.0538852716337775,0.007920023168130643
bilateral_cortical_volume,img_smri_vol_cdk_postcn,hemisphere[T.Right]:aoDEP_SBayesR,0.017202446692921987,0.16951232828434715,-0.007340318965621383,0.04174521235146536
bilateral_cortical_volume,img_smri_vol_cdk_precn,aoDEP_SBayesR,-0.03311903157542852,0.031802966590352484,-0.06335460998947412,-0.002883453161382915
bilateral_cortical_volume,img_smri_vol_cdk_precn,hemisphere[T.Right]:aoDEP_SBayesR,-0.002387141358719622,0.8451238962271024,-0.026338317316700673,0.021564034599261428
bilateral_cortical_volume,img_smri_vol_cdk_ptcate,aoDEP_SBayesR,-0.0007440758564495822,0.9623373047610486,-0.03162800840448438,0.030139856691585216
bilateral_cortical_volume,img_smri_vol_cdk_ptcate,hemisphere[T.Right]:aoDEP_SBayesR,-0.007147647287235566,0.6546315059827106,-0.03846435128568112,0.024169056711209985
bilateral_cortical_volume,img_smri_vol_cdk_rracate,aoDEP_SBayesR,-0.012491601428962565,0.43179655775280723,-0.04363577202179382,0.018652569163868687
bilateral_cortical_volume,img_smri_vol_cdk_rracate,hemisphere[T.Right]:aoDEP_SBayesR,-0.017435110500273868,0.30345043831199314,-0.05064222665859352,0.015772005658045783
bilateral_cortical_volume,img_smri_vol_cdk_rrmdfr,aoDEP_SBayesR,-0.025477348531633713,0.09520237784532752,-0.05540396097662025,0.004449263913352826
bilateral_cortical_volume,img_smri_vol_cdk_rrmdfr,hemisphere[T.Right]:aoDEP_SBayesR,-0.008421859170738314,0.4802391738393583,-0.031804946430254076,0.014961228088777449
bilateral_cortical_volume,img_smri_vol_cdk_sm,aoDEP_SBayesR,-0.0035384322232844866,0.8205131582878475,-0.03410545696625041,0.027028592519681437
bilateral_cortical_volume,img_smri_vol_cdk_sm,hemisphere[T.Right]:aoDEP_SBayesR,-0.008828560716708365,0.5404310303572634,-0.03709506577017742,0.019437944336760687
bilateral_cortical_volume,img_smri_vol_cdk_sufr,aoDEP_SBayesR,-0.010528094799760034,0.4907605962098128,-0.04047251335203085,0.019416323752510782
bilateral_cortical_volume,img_smri_vol_cdk_sufr,hemisphere[T.Right]:aoDEP_SBayesR,-0.013911038430928445,0.17581572741788887,-0.034051468806134105,0.006229391944277218
bilateral_cortical_volume,img_smri_vol_cdk_supl,aoDEP_SBayesR,-0.01913968515517311,0.22624344649903272,-0.05013987503845568,0.011860504728109456
bilateral_cortical_volume,img_smri_vol_cdk_supl,hemisphere[T.Right]:aoDEP_SBayesR,0.0042301435511154905,0.722191904466509,-0.01908971175322601,0.02754999885545699
bilateral_cortical_volume,img_smri_vol_cdk_sutm,aoDEP_SBayesR,0.0010222795200804959,0.9477008884896652,-0.029523566532929302,0.03156812557309029
bilateral_cortical_volume,img_smri_vol_cdk_sutm,hemisphere[T.Right]:aoDEP_SBayesR,-0.026272150375766787,0.023571943395959243,-0.04901581890616791,-0.0035284818453656663
bilateral_cortical_volume,img_smri_vol_cdk_tmpole,aoDEP_SBayesR,0.0071835930692566805,0.6523974847597982,-0.024074219555190873,0.03844140569370423
bilateral_cortical_volume,img_smri_vol_cdk_tmpole,hemisphere[T.Right]:aoDEP_SBayesR,-0.00635254263921824,0.6889103371510239,-0.03745344011761746,0.024748354839180985
bilateral_cortical_volume,img_smri_vol_cdk_trvtm,aoDEP_SBayesR,0.021489375507913456,0.18200370966561807,-0.010069186027444558,0.05304793704327147
bilateral_cortical_volume,img_smri_vol_cdk_trvtm,hemisphere[T.Right]:aoDEP_SBayesR,-0.03442222445442452,0.02189290964282533,-0.06385495729595303,-0.004989491612896017
bilateral_cortical_surface_area,img_smri_area_cdk_bankssts,aoDEP_SBayesR,-0.010756616167179826,0.4894216337612337,-0.04125675414822444,0.019743521813864785
bilateral_cortical_surface_area,img_smri_area_cdk_bankssts,hemisphere[T.Right]:aoDEP_SBayesR,-0.0005512068963821364,0.9729116688237116,-0.032366585078183845,0.03126417128541958
bilateral_cortical_surface_area,img_smri_area_cdk_cdacate,aoDEP_SBayesR,0.0014686118051925215,0.9269185795962962,-0.029913312872890747,0.03285053648327579
bilateral_cortical_surface_area,img_smri_area_cdk_cdacate,hemisphere[T.Right]:aoDEP_SBayesR,-0.0305249663528156,0.11149073952107211,-0.06811640345521296,0.0070664707495817596
bilateral_cortical_surface_area,img_smri_area_cdk_cdmdfr,aoDEP_SBayesR,-0.01628032797773925,0.2982936740936265,-0.0469589855199135,0.014398329564435
bilateral_cortical_surface_area,img_smri_area_cdk_cdmdfr,hemisphere[T.Right]:aoDEP_SBayesR,7.053962674790032e-05,0.996079862092892,-0.028069079646037578,0.02821015889953338
bilateral_cortical_surface_area,img_smri_area_cdk_cuneus,aoDEP_SBayesR,-0.007692993794307533,0.6257728329218664,-0.03861045985030288,0.02322447226168782
bilateral_cortical_surface_area,img_smri_area_cdk_cuneus,hemisphere[T.Right]:aoDEP_SBayesR,0.020216501579494565,0.06847669917792669,-0.0015325252851831374,0.04196552844417227
bilateral_cortical_surface_area,img_smri_area_cdk_ehinal,aoDEP_SBayesR,-0.009880781509350017,0.5351143060541816,-0.041105250151494924,0.021343687132794886
bilateral_cortical_surface_area,img_smri_area_cdk_ehinal,hemisphere[T.Right]:aoDEP_SBayesR,-0.008806539089286641,0.5324506038584017,-0.036455654023777484,0.018842575845204206
bilateral_cortical_surface_area,img_smri_area_cdk_frpole,aoDEP_SBayesR,-0.022145087449570913,0.1482886692638423,-0.052169639750236654,0.00787946485109483
bilateral_cortical_surface_area,img_smri_area_cdk_frpole,hemisphere[T.Right]:aoDEP_SBayesR,0.018442617235343236,0.2294118157640681,-0.011632768499177649,0.048518002969864124
bilateral_cortical_surface_area,img_smri_area_cdk_fusiform,aoDEP_SBayesR,-0.02004287269125782,0.1790381540232725,-0.04927756215010807,0.009191816767592426
bilateral_cortical_surface_area,img_smri_area_cdk_fusiform,hemisphere[T.Right]:aoDEP_SBayesR,0.006051475110849466,0.5962947334827404,-0.016338291068834842,0.028441241290533773
bilateral_cortical_surface_area,img_smri_area_cdk_ifpl,aoDEP_SBayesR,-0.019234184521991306,0.20984289278015866,-0.049296690364508663,0.010828321320526052
bilateral_cortical_surface_area,img_smri_area_cdk_ifpl,hemisphere[T.Right]:aoDEP_SBayesR,0.012065486224092831,0.36733455881303856,-0.014166917548696322,0.03829788999688198
bilateral_cortical_surface_area,img_smri_area_cdk_iftm,aoDEP_SBayesR,-0.028204492487994646,0.058322929532452904,-0.05740265212299772,0.0009936671470084264
bilateral_cortical_surface_area,img_smri_area_cdk_iftm,hemisphere[T.Right]:aoDEP_SBayesR,0.02367008241472169,0.04887718668384562,0.00011653740508195745,0.047223627424361425
bilateral_cortical_surface_area,img_smri_area_cdk_ihcate,aoDEP_SBayesR,0.015375546950012697,0.31920070856985505,-0.014877906771463948,0.04562900067148934
bilateral_cortical_surface_area,img_smri_area_cdk_ihcate,hemisphere[T.Right]:aoDEP_SBayesR,-0.0006604894209592549,0.9616878287606406,-0.027609961497913896,0.02628898265599539
bilateral_cortical_surface_area,img_smri_area_cdk_insula,aoDEP_SBayesR,-0.01490544420714032,0.32794679379837766,-0.04476887211370737,0.014957983699426728
bilateral_cortical_surface_area,img_smri_area_cdk_insula,hemisphere[T.Right]:aoDEP_SBayesR,0.026162573250895077,0.019846391277180027,0.0041477888509642465,0.04817735765082591
bilateral_cortical_surface_area,img_smri_area_cdk_lingual,aoDEP_SBayesR,-0.02144576188994969,0.1802546799396857,-0.052814285475319314,0.009922761695419932
bilateral_cortical_surface_area,img_smri_area_cdk_lingual,hemisphere[T.Right]:aoDEP_SBayesR,0.00810897107834802,0.4261309129741043,-0.01186174296356435,0.028079685120260392
bilateral_cortical_surface_area,img_smri_area_cdk_lobfr,aoDEP_SBayesR,0.0002527626834887395,0.9869330795231909,-0.029996057987212252,0.03050158335418973
bilateral_cortical_surface_area,img_smri_area_cdk_lobfr,hemisphere[T.Right]:aoDEP_SBayesR,-0.02055982999226657,0.04561899956291658,-0.04071916446544009,-0.0004004955190930505
bilateral_cortical_surface_area,img_smri_area_cdk_locc,aoDEP_SBayesR,-0.01790638988997217,0.23198657280176804,-0.04726900783757715,0.011456228057632807
bilateral_cortical_surface_area,img_smri_area_cdk_locc,hemisphere[T.Right]:aoDEP_SBayesR,0.00954206664520598,0.4078464248546546,-0.013053495177431249,0.03213762846784321
bilateral_cortical_surface_area,img_smri_area_cdk_mdtm,aoDEP_SBayesR,-0.016380938528818372,0.27096328247328394,-0.0455458011998683,0.012783924142231558
bilateral_cortical_surface_area,img_smri_area_cdk_mdtm,hemisphere[T.Right]:aoDEP_SBayesR,0.0067057517820181675,0.5058751968698296,-0.013050063294761351,0.026461566858797688
bilateral_cortical_surface_area,img_smri_area_cdk_mobfr,aoDEP_SBayesR,-0.02481668608692701,0.1006931682994646,-0.054447962168968606,0.004814589995114579
bilateral_cortical_surface_area,img_smri_area_cdk_mobfr,hemisphere[T.Right]:aoDEP_SBayesR,0.001112232044950383,0.9279804584107179,-0.023005817749214275,0.025230281839115038
bilateral_cortical_surface_area,img_smri_area_cdk_paracn,aoDEP_SBayesR,-0.019467724903691325,0.2178521450460752,-0.05043201298716018,0.011496563179777528
bilateral_cortical_surface_area,img_smri_area_cdk_paracn,hemisphere[T.Right]:aoDEP_SBayesR,-0.00013005690192053858,0.9930295682764252,-0.029308113008996144,0.029047999205155068
bilateral_cortical_surface_area,img_smri_area_cdk_parahpal,aoDEP_SBayesR,0.0008234606891784096,0.9585542453691855,-0.030233255039589423,0.03188017641794624
bilateral_cortical_surface_area,img_smri_area_cdk_parahpal,hemisphere[T.Right]:aoDEP_SBayesR,0.0012097192895973517,0.9319050676936101,-0.026538155765568578,0.02895759434476328
bilateral_cortical_surface_area,img_smri_area_cdk_parsobis,aoDEP_SBayesR,-0.012043128176173755,0.4272088043552269,-0.041772070737986035,0.017685814385638522
bilateral_cortical_surface_area,img_smri_area_cdk_parsobis,hemisphere[T.Right]:aoDEP_SBayesR,-0.005124747600952758,0.685032923997207,-0.029888552462519865,0.019639057260614348
bilateral_cortical_surface_area,img_smri_area_cdk_parsopc,aoDEP_SBayesR,0.018000359310027043,0.25468274585331907,-0.012972898271317097,0.04897361689137118
bilateral_cortical_surface_area,img_smri_area_cdk_parsopc,hemisphere[T.Right]:aoDEP_SBayesR,-0.01302170303349416,0.41296253373245295,-0.04419592882791102,0.018152522760922704
bilateral_cortical_surface_area,img_smri_area_cdk_parstgris,aoDEP_SBayesR,0.013547903471537278,0.38216891373980133,-0.016836798229159844,0.0439326051722344
bilateral_cortical_surface_area,img_smri_area_cdk_parstgris,hemisphere[T.Right]:aoDEP_SBayesR,-0.019990966941302656,0.17835189546848196,-0.049103918141619934,0.009121984259014622
bilateral_cortical_surface_area,img_smri_area_cdk_pc,aoDEP_SBayesR,0.002552887349965541,0.8679802090789461,-0.02754835868182714,0.03265413338175822
bilateral_cortical_surface_area,img_smri_area_cdk_pc,hemisphere[T.Right]:aoDEP_SBayesR,0.005287849001093909,0.5842126472833982,-0.013650752336877186,0.024226450339065002
bilateral_cortical_surface_area,img_smri_area_cdk_pericc,aoDEP_SBayesR,-0.00848500987839347,0.6012029080095143,-0.040302920937941446,0.023332901181154504
bilateral_cortical_surface_area,img_smri_area_cdk_pericc,hemisphere[T.Right]:aoDEP_SBayesR,0.015751853992956137,0.06722714984269203,-0.00111726910864849,0.032620977094560764
bilateral_cortical_surface_area,img_smri_area_cdk_postcn,aoDEP_SBayesR,-0.017161966638984776,0.24673612277146884,-0.04620145932997848,0.011877526052008931
bilateral_cortical_surface_area,img_smri_area_cdk_postcn,hemisphere[T.Right]:aoDEP_SBayesR,0.021220805451651333,0.07356446501923085,-0.00202388157598005,0.04446549247928272
bilateral_cortical_surface_area,img_smri_area_cdk_precn,aoDEP_SBayesR,-0.014161629915399154,0.33787459811075493,-0.043123504311440686,0.01480024448064238
bilateral_cortical_surface_area,img_smri_area_cdk_precn,hemisphere[T.Right]:aoDEP_SBayesR,-0.004430084288626683,0.7109941484283552,-0.027864113302943173,0.01900394472568981
bilateral_cortical_surface_area,img_smri_area_cdk_ptcate,aoDEP_SBayesR,-0.00982250364942947,0.5308411435073717,-0.04054064919640286,0.02089564189754392
bilateral_cortical_surface_area,img_smri_area_cdk_ptcate,hemisphere[T.Right]:aoDEP_SBayesR,0.0021261907054140722,0.8924678110096014,-0.028700773545677585,0.03295315495650573
bilateral_cortical_surface_area,img_smri_area_cdk_rracate,aoDEP_SBayesR,-0.014861716437296368,0.34587771721369576,-0.04576343141821705,0.01603999854362432
bilateral_cortical_surface_area,img_smri_area_cdk_rracate,hemisphere[T.Right]:aoDEP_SBayesR,-0.02550087139365481,0.0948515937000035,-0.055423348773024364,0.004421605985714741
bilateral_cortical_surface_area,img_smri_area_cdk_rrmdfr,aoDEP_SBayesR,-0.01623821511836761,0.2816320612110713,-0.04579843689959379,0.013322006662858571
bilateral_cortical_surface_area,img_smri_area_cdk_rrmdfr,hemisphere[T.Right]:aoDEP_SBayesR,-0.013496539057526817,0.22641514219869907,-0.035364715614492864,0.008371637499439233
bilateral_cortical_surface_area,img_smri_area_cdk_sm,aoDEP_SBayesR,-0.0001610588105529173,0.9915481038218625,-0.029960653975817944,0.029638536354712107
bilateral_cortical_surface_area,img_smri_area_cdk_sm,hemisphere[T.Right]:aoDEP_SBayesR,-0.007482904795244545,0.5937441497103992,-0.03497770158499909,0.02001189199451
bilateral_cortical_surface_area,img_smri_area_cdk_sufr,aoDEP_SBayesR,-6.707685911070564e-05,0.9964491261017498,-0.029608008513127376,0.029473854794905965
bilateral_cortical_surface_area,img_smri_area_cdk_sufr,hemisphere[T.Right]:aoDEP_SBayesR,-0.019576647681899945,0.04562078427912087,-0.03877211012623677,-0.00038118523756311765
bilateral_cortical_surface_area,img_smri_area_cdk_supl,aoDEP_SBayesR,-0.012148446234421765,0.4333089439380575,-0.04253675900035944,0.018239866531515908
bilateral_cortical_surface_area,img_smri_area_cdk_supl,hemisphere[T.Right]:aoDEP_SBayesR,0.0063627625455476506,0.5873218598302818,-0.016615496363672242,0.02934102145476754
bilateral_cortical_surface_area,img_smri_area_cdk_sutm,aoDEP_SBayesR,0.003231618696782734,0.8288975898532571,-0.02607609611853384,0.032539333512099304
bilateral_cortical_surface_area,img_smri_area_cdk_sutm,hemisphere[T.Right]:aoDEP_SBayesR,-0.030559015363820743,0.0042662689606050895,-0.05151750007802664,-0.009600530649614844
bilateral_cortical_surface_area,img_smri_area_cdk_tmpole,aoDEP_SBayesR,-0.0011892295882451483,0.9382878418065991,-0.03129497778336347,0.028916518606873175
bilateral_cortical_surface_area,img_smri_area_cdk_tmpole,hemisphere[T.Right]:aoDEP_SBayesR,-0.004079613066462246,0.769337908723345,-0.031346923243181606,0.023187697110257116
bilateral_cortical_surface_area,img_smri_area_cdk_trvtm,aoDEP_SBayesR,0.03244206839130151,0.04061569791005318,0.0013859507537086757,0.06349818602889434
bilateral_cortical_surface_area,img_smri_area_cdk_trvtm,hemisphere[T.Right]:aoDEP_SBayesR,-0.03963891950808666,0.005642325414717495,-0.0677077018521299,-0.011570137164043419
bilateral_subcortical_volume,img_smri_vol_scs_amygdala,aoDEP_SBayesR,-0.004386889646667965,0.7686978089143427,-0.03362446221617654,0.02485068292284061
bilateral_subcortical_volume,img_smri_vol_scs_amygdala,hemisphere[T.Right]:aoDEP_SBayesR,0.012295429030294807,0.26298573868023845,-0.00923344030469393,0.03382429836528354
bilateral_subcortical_volume,img_smri_vol_scs_caudate,aoDEP_SBayesR,-0.011747272467740032,0.4695920924670315,-0.0435863886614745,0.020091843725994436
bilateral_subcortical_volume,img_smri_vol_scs_caudate,hemisphere[T.Right]:aoDEP_SBayesR,-0.002451420393691955,0.6739907463612379,-0.013872754022226812,0.008969913234842902
bilateral_subcortical_volume,img_smri_vol_scs_cbwmatter,aoDEP_SBayesR,-0.01945491161093802,0.17815636883945174,-0.04777444251814391,0.008864619296267869
bilateral_subcortical_volume,img_smri_vol_scs_cbwmatter,hemisphere[T.Right]:aoDEP_SBayesR,-0.0019867551021554735,0.4250042062625854,-0.00686782408569642,0.0028943138813854736
bilateral_subcortical_volume,img_smri_vol_scs_crbcortex,aoDEP_SBayesR,-0.012235526657043595,0.40348298606160204,-0.04094118244004781,0.016470129125960624
bilateral_subcortical_volume,img_smri_vol_scs_crbcortex,hemisphere[T.Right]:aoDEP_SBayesR,0.0027964087076358286,0.5338729384607571,-0.006013779026995526,0.011606596442267183
bilateral_subcortical_volume,img_smri_vol_scs_crbwmatter,aoDEP_SBayesR,-0.007441774226445081,0.626956053782624,-0.03745234853135593,0.02256880007846576
bilateral_subcortical_volume,img_smri_vol_scs_crbwmatter,hemisphere[T.Right]:aoDEP_SBayesR,-0.015872491452846794,0.08582653269487472,-0.0339822013167191,0.0022372184110255114
bilateral_subcortical_volume,img_smri_vol_scs_hpus,aoDEP_SBayesR,-0.024827347442568534,0.10539692269331101,-0.05487903019984487,0.005224335314707805
bilateral_subcortical_volume,img_smri_vol_scs_hpus,hemisphere[T.Right]:aoDEP_SBayesR,-0.002903141769956573,0.736062278306751,-0.019783943386877514,0.01397765984696437
bilateral_subcortical_volume,img_smri_vol_scs_inflatvent,aoDEP_SBayesR,0.012681654125323795,0.42822308157124156,-0.01869231192923112,0.044055620179878706
bilateral_subcortical_volume,img_smri_vol_scs_inflatvent,hemisphere[T.Right]:aoDEP_SBayesR,0.0052761623621185635,0.7483131791574623,-0.026952683551778274,0.037505008276015404
bilateral_subcortical_volume,img_smri_vol_scs_ltventricle,aoDEP_SBayesR,-0.012862856110662502,0.42888703002385997,-0.04473090146036943,0.019005189239044425
bilateral_subcortical_volume,img_smri_vol_scs_ltventricle,hemisphere[T.Right]:aoDEP_SBayesR,-0.0047382159333568185,0.6160237528827381,-0.023256362212631037,0.013779930345917398
bilateral_subcortical_volume,img_smri_vol_scs_pallidum,aoDEP_SBayesR,0.011061092358225683,0.4706558219468552,-0.01899015539570546,0.04111234011215682
bilateral_subcortical_volume,img_smri_vol_scs_pallidum,hemisphere[T.Right]:aoDEP_SBayesR,-0.01813913005564296,0.17158037577729435,-0.044143748703970656,0.007865488592684742
bilateral_subcortical_volume,img_smri_vol_scs_putamen,aoDEP_SBayesR,-0.010049027505222274,0.5166479864079885,-0.04041925423305921,0.020321199222614668
bilateral_subcortical_volume,img_smri_vol_scs_putamen,hemisphere[T.Right]:aoDEP_SBayesR,0.004011868788266053,0.5433704314932912,-0.008926761525761008,0.016950499102293112
bilateral_subcortical_volume,img_smri_vol_scs_tp,aoDEP_SBayesR,-0.016499865681061623,0.27472466631478887,-0.04610777523164465,0.013108043869521406
bilateral_subcortical_volume,img_smri_vol_scs_tp,hemisphere[T.Right]:aoDEP_SBayesR,-0.004106201822368135,0.610006267594196,-0.01988461322105489,0.011672209576318617
bilateral_subcortical_volume,img_smri_vol_scs_vedc,aoDEP_SBayesR,-0.02312642864442107,0.12290915332542707,-0.052508448219127826,0.006255590930285691
bilateral_subcortical_volume,img_smri_vol_scs_vedc,hemisphere[T.Right]:aoDEP_SBayesR,0.004637760647384047,0.4793564181286708,-0.008213016564213842,0.017488537858981936
bilateral_tract_FA,img_FA_dti_atlas_tract_anterior_thalamic_radiations,aoDEP_SBayesR,-0.008560068947198548,0.42785156876085295,-0.029720352793108834,0.01260021489871174
bilateral_tract_FA,img_FA_dti_atlas_tract_anterior_thalamic_radiations,hemisphere[T.Right]:aoDEP_SBayesR,-0.0028746260919348273,0.7214908863670788,-0.01868019614010617,0.012930943956236516
bilateral_tract_FA,img_FA_dti_atlas_tract_cingulate_cingulum,aoDEP_SBayesR,-0.009111676458847775,0.4646010366195821,-0.033532245157012835,0.01530889223931729
bilateral_tract_FA,img_FA_dti_atlas_tract_cingulate_cingulum,hemisphere[T.Right]:aoDEP_SBayesR,-0.01366602625875536,0.236763858610343,-0.036305360177147174,0.008973307659636451
bilateral_tract_FA,img_FA_dti_atlas_tract_corticospinal_pyramidal,aoDEP_SBayesR,-0.029221355371598225,0.011542540940961186,-0.05189620295640873,-0.006546507786787722
bilateral_tract_FA,img_FA_dti_atlas_tract_corticospinal_pyramidal,hemisphere[T.Right]:aoDEP_SBayesR,-0.007047950416784044,0.3517995839397372,-0.021883805115621886,0.007787904282053799
bilateral_tract_FA,img_FA_dti_atlas_tract_fornix,aoDEP_SBayesR,-0.031359503688005004,0.0015185221687408557,-0.05074176958653734,-0.011977237789472666
bilateral_tract_FA,img_FA_dti_atlas_tract_fornix,hemisphere[T.Right]:aoDEP_SBayesR,0.010175840247761265,0.17456632940349737,-0.004514168109672218,0.024865848605194748
bilateral_tract_FA,img_FA_dti_atlas_tract_fornix_excluding_fimbria,aoDEP_SBayesR,-0.025251956982639368,0.01927946810736928,-0.046402032298547086,-0.004101881666731654
bilateral_tract_FA,img_FA_dti_atlas_tract_fornix_excluding_fimbria,hemisphere[T.Right]:aoDEP_SBayesR,0.007759510549995789,0.4675885047777133,-0.013176870856331686,0.028695891956323265
bilateral_tract_FA,img_FA_dti_atlas_tract_inferior_frontal_superior_frontal_cortex,aoDEP_SBayesR,-0.019227000777100135,0.1039850779364074,-0.04240540671677168,0.003951405162571413
bilateral_tract_FA,img_FA_dti_atlas_tract_inferior_frontal_superior_frontal_cortex,hemisphere[T.Right]:aoDEP_SBayesR,-0.00683333530342088,0.44180433950195686,-0.024246184766612132,0.010579514159770374
bilateral_tract_FA,img_FA_dti_atlas_tract_inferior_fronto_occipital_fasiculus,aoDEP_SBayesR,0.0036239433995693122,0.7340796865814396,-0.01728486290510484,0.024532749704243465
bilateral_tract_FA,img_FA_dti_atlas_tract_inferior_fronto_occipital_fasiculus,hemisphere[T.Right]:aoDEP_SBayesR,-0.01030185123462788,0.11959704946828977,-0.023274343111875574,0.0026706406426198117
bilateral_tract_FA,img_FA_dti_atlas_tract_inferior_longitudinal_fasiculus,aoDEP_SBayesR,-0.010736818628150367,0.35497864306011584,-0.03348745087923867,0.012013813622937936
bilateral_tract_FA,img_FA_dti_atlas_tract_inferior_longitudinal_fasiculus,hemisphere[T.Right]:aoDEP_SBayesR,-0.004117077928944208,0.6358699489147877,-0.02115962445190267,0.012925468594014252
bilateral_tract_FA,img_FA_dti_atlas_tract_parahippocampal_cingulum,aoDEP_SBayesR,-0.008563796525218154,0.39761062757886145,-0.02840633970235326,0.011278746651916955
bilateral_tract_FA,img_FA_dti_atlas_tract_parahippocampal_cingulum,hemisphere[T.Right]:aoDEP_SBayesR,-0.009541443842911345,0.27439501666612054,-0.026651172767395342,0.007568285081572652
bilateral_tract_FA,img_FA_dti_atlas_tract_parietal_superior_longitudinal_fasiculus,aoDEP_SBayesR,0.0013297876771729928,0.9083816446703813,-0.02131823129282932,0.023977806647175307
bilateral_tract_FA,img_FA_dti_atlas_tract_parietal_superior_longitudinal_fasiculus,hemisphere[T.Right]:aoDEP_SBayesR,-0.0253450787480797,0.0012939822237913654,-0.04078512808432077,-0.009905029411838627
bilateral_tract_FA,img_FA_dti_atlas_tract_striatal_inferior_frontal_cortex,aoDEP_SBayesR,-0.02034026108085106,0.07223688923454173,-0.04251743376289405,0.0018369116011919297
bilateral_tract_FA,img_FA_dti_atlas_tract_striatal_inferior_frontal_cortex,hemisphere[T.Right]:aoDEP_SBayesR,0.0006043466058355063,0.9414885635663367,-0.015533428735684925,0.016742121947355935
bilateral_tract_FA,img_FA_dti_atlas_tract_superior_corticostriate,aoDEP_SBayesR,-0.042113002833744494,0.0006662373190452534,-0.06636728690887192,-0.01785871875861707
bilateral_tract_FA,img_FA_dti_atlas_tract_superior_corticostriate,hemisphere[T.Right]:aoDEP_SBayesR,-0.00013511392346519615,0.9887228774698273,-0.018871054418618638,0.018600826571688246
bilateral_tract_FA,img_FA_dti_atlas_tract_superior_corticostriate_frontal_cortex_only,aoDEP_SBayesR,-0.03869336453620833,0.0027327925169711455,-0.06400379814245305,-0.013382930929963607
bilateral_tract_FA,img_FA_dti_atlas_tract_superior_corticostriate_frontal_cortex_only,hemisphere[T.Right]:aoDEP_SBayesR,-0.003931218994058459,0.6798426117910654,-0.02260206971914174,0.014739631731024822
bilateral_tract_FA,img_FA_dti_atlas_tract_superior_corticostriate_parietal_cortex_only,aoDEP_SBayesR,-0.0444526537180045,0.00043097164453318175,-0.06920175773262267,-0.01970354970338632
bilateral_tract_FA,img_FA_dti_atlas_tract_superior_corticostriate_parietal_cortex_only,hemisphere[T.Right]:aoDEP_SBayesR,0.005235023595795514,0.6138254755750403,-0.015097998240942946,0.02556804543253397
bilateral_tract_FA,img_FA_dti_atlas_tract_superior_longitudinal_fasiculus,aoDEP_SBayesR,0.0027304231343570347,0.8139120798722608,-0.020005070059177284,0.025465916327891355
bilateral_tract_FA,img_FA_dti_atlas_tract_superior_longitudinal_fasiculus,hemisphere[T.Right]:aoDEP_SBayesR,-0.024180712175558377,0.0019239540126020276,-0.03946037005316557,-0.008901054297951183
bilateral_tract_FA,img_FA_dti_atlas_tract_temporal_superior_longitudinal_fasiculus,aoDEP_SBayesR,0.003910379725232402,0.7383887179266686,-0.01903717106020473,0.02685793051066953
bilateral_tract_FA,img_FA_dti_atlas_tract_temporal_superior_longitudinal_fasiculus,hemisphere[T.Right]:aoDEP_SBayesR,-0.02051369859711052,0.018954057388491704,-0.037648688164583055,-0.0033787090296379836
bilateral_tract_FA,img_FA_dti_atlas_tract_uncinate,aoDEP_SBayesR,-0.006950223458015592,0.5227133244090416,-0.0282625812321441,0.014362134316112916
bilateral_tract_FA,img_FA_dti_atlas_tract_uncinate,hemisphere[T.Right]:aoDEP_SBayesR,-0.005451185108032743,0.4874316212474279,-0.020837319999066052,0.009934949783000567
bilateral_tract_MD,img_MD_dti_atlas_tract_anterior_thalamic_radiations,aoDEP_SBayesR,0.013771936918772324,0.18582768715795062,-0.006630201046417289,0.03417407488396194
bilateral_tract_MD,img_MD_dti_atlas_tract_anterior_thalamic_radiations,hemisphere[T.Right]:aoDEP_SBayesR,0.006839546660528232,0.29856799774904363,-0.006056217584082572,0.019735310905139036
bilateral_tract_MD,img_MD_dti_atlas_tract_cingulate_cingulum,aoDEP_SBayesR,0.008777412064261424,0.4435784658479889,-0.013676529530271844,0.031231353658794692
bilateral_tract_MD,img_MD_dti_atlas_tract_cingulate_cingulum,hemisphere[T.Right]:aoDEP_SBayesR,0.0063775978935558765,0.46917909386726175,-0.010891809127152045,0.0236470049142638
bilateral_tract_MD,img_MD_dti_atlas_tract_corticospinal_pyramidal,aoDEP_SBayesR,0.01169279368625879,0.20186995180761436,-0.006264186861996177,0.029649774234513756
bilateral_tract_MD,img_MD_dti_atlas_tract_corticospinal_pyramidal,hemisphere[T.Right]:aoDEP_SBayesR,0.003487515593784133,0.42862422746793105,-0.005147973622181699,0.012123004809749965
bilateral_tract_MD,img_MD_dti_atlas_tract_fornix,aoDEP_SBayesR,0.018587295370094917,0.03897798733559846,0.0009404775887165047,0.03623411315147333
bilateral_tract_MD,img_MD_dti_atlas_tract_fornix,hemisphere[T.Right]:aoDEP_SBayesR,-0.006610638749998192,0.19574768728700975,-0.016625320872459402,0.003404043372463016
bilateral_tract_MD,img_MD_dti_atlas_tract_fornix_excluding_fimbria,aoDEP_SBayesR,0.014237023157895481,0.12276299392169183,-0.003843988105589136,0.0323180344213801
bilateral_tract_MD,img_MD_dti_atlas_tract_fornix_excluding_fimbria,hemisphere[T.Right]:aoDEP_SBayesR,-0.00380910755673397,0.5209339069665699,-0.015439639205957433,0.007821424092489492
bilateral_tract_MD,img_MD_dti_atlas_tract_inferior_frontal_superior_frontal_cortex,aoDEP_SBayesR,0.01050613760419032,0.48239591822586636,-0.018807730279935472,0.039820005488316115
bilateral_tract_MD,img_MD_dti_atlas_tract_inferior_frontal_superior_frontal_cortex,hemisphere[T.Right]:aoDEP_SBayesR,0.00852511660597248,0.1980550582314955,-0.00445659301998008,0.02150682623192504
bilateral_tract_MD,img_MD_dti_atlas_tract_inferior_fronto_occipital_fasiculus,aoDEP_SBayesR,-0.004159207357426771,0.7150487768564859,-0.026488037995961247,0.018169623281107706
bilateral_tract_MD,img_MD_dti_atlas_tract_inferior_fronto_occipital_fasiculus,hemisphere[T.Right]:aoDEP_SBayesR,0.012689211053882597,0.0237761047965008,0.0016881545209487103,0.023690267586816485
bilateral_tract_MD,img_MD_dti_atlas_tract_inferior_longitudinal_fasiculus,aoDEP_SBayesR,-0.007269995886849721,0.5987330717799882,-0.034347721814461225,0.019807730040761782
bilateral_tract_MD,img_MD_dti_atlas_tract_inferior_longitudinal_fasiculus,hemisphere[T.Right]:aoDEP_SBayesR,0.01661786797192221,0.018208930131844672,0.0028246847104169415,0.03041105123342748
bilateral_tract_MD,img_MD_dti_atlas_tract_parahippocampal_cingulum,aoDEP_SBayesR,0.009603352855545387,0.3089451031440291,-0.00889627597872713,0.028102981689817903
bilateral_tract_MD,img_MD_dti_atlas_tract_parahippocampal_cingulum,hemisphere[T.Right]:aoDEP_SBayesR,0.0079449114162325,0.19424500063809047,-0.004050668158610306,0.019940490991075307
bilateral_tract_MD,img_MD_dti_atlas_tract_parietal_superior_longitudinal_fasiculus,aoDEP_SBayesR,0.0032937347582121137,0.8273487809515221,-0.026305117606667764,0.03289258712309199
bilateral_tract_MD,img_MD_dti_atlas_tract_parietal_superior_longitudinal_fasiculus,hemisphere[T.Right]:aoDEP_SBayesR,0.019829957406087804,0.007520620735288444,0.005289012482636388,0.034370902329539224
bilateral_tract_MD,img_MD_dti_atlas_tract_striatal_inferior_frontal_cortex,aoDEP_SBayesR,0.011298341377256256,0.36885430092432225,-0.013344227379383197,0.03594091013389571
bilateral_tract_MD,img_MD_dti_atlas_tract_striatal_inferior_frontal_cortex,hemisphere[T.Right]:aoDEP_SBayesR,0.004446271253190693,0.5323635383611609,-0.00951033035531616,0.018402872861697544
bilateral_tract_MD,img_MD_dti_atlas_tract_superior_corticostriate,aoDEP_SBayesR,0.01242856917913412,0.3599893277496443,-0.014182678209299355,0.039039816567567595
bilateral_tract_MD,img_MD_dti_atlas_tract_superior_corticostriate,hemisphere[T.Right]:aoDEP_SBayesR,0.006078677886355535,0.4017494825928968,-0.008130001849984305,0.020287357622695373
bilateral_tract_MD,img_MD_dti_atlas_tract_superior_corticostriate_frontal_cortex_only,aoDEP_SBayesR,0.012405321292223572,0.36592346295639033,-0.014486641483731896,0.03929728406817904
bilateral_tract_MD,img_MD_dti_atlas_tract_superior_corticostriate_frontal_cortex_only,hemisphere[T.Right]:aoDEP_SBayesR,0.009426154436719741,0.15029859860722908,-0.003417231973174414,0.022269540846613894
bilateral_tract_MD,img_MD_dti_atlas_tract_superior_corticostriate_parietal_cortex_only,aoDEP_SBayesR,0.012786972236814624,0.34940338100352253,-0.013995908888361216,0.03956985336199047
bilateral_tract_MD,img_MD_dti_atlas_tract_superior_corticostriate_parietal_cortex_only,hemisphere[T.Right]:aoDEP_SBayesR,0.00254215576344915,0.7409669976409374,-0.01253025736323644,0.01761456889013474
bilateral_tract_MD,img_MD_dti_atlas_tract_superior_longitudinal_fasiculus,aoDEP_SBayesR,-0.001403580988242976,0.9240045960016808,-0.03024257235062785,0.0274354103741419
bilateral_tract_MD,img_MD_dti_atlas_tract_superior_longitudinal_fasiculus,hemisphere[T.Right]:aoDEP_SBayesR,0.02088067900879584,0.002879485548434257,0.007148799359398671,0.034612558658193
bilateral_tract_MD,img_MD_dti_atlas_tract_temporal_superior_longitudinal_fasiculus,aoDEP_SBayesR,-0.004555711949853948,0.7531330822668594,-0.03294592976577529,0.023834505866067397
bilateral_tract_MD,img_MD_dti_atlas_tract_temporal_superior_longitudinal_fasiculus,hemisphere[T.Right]:aoDEP_SBayesR,0.019785993171538174,0.004013151515901124,0.0063073230448254716,0.033264663298250875
bilateral_tract_MD,img_MD_dti_atlas_tract_uncinate,aoDEP_SBayesR,0.0133675502144055,0.27288316901829524,-0.010527736106717957,0.037262836535528955
bilateral_tract_MD,img_MD_dti_atlas_tract_uncinate,hemisphere[T.Right]:aoDEP_SBayesR,0.003857540686529561,0.5880082413588272,-0.010099072754622788,0.01781415412768191
